investor_id,loss_aversion,herding_bias,familiarity_bias,overconfidence_bias,recency_bias,behavioral_risk_score,behavioral_alpha_score,advisor_intervention_needed
INV-1000,82,80,50,48,32,62,38,Medium
INV-1001,83,68,56,83,71,72,28,High
INV-1002,76,70,36,45,68,60,40,Medium
INV-1003,83,27,76,59,65,62,38,Medium
INV-1004,73,81,65,38,77,75,25,High
INV-1005,68,34,74,89,38,41,59,Low
INV-1006,80,47,36,36,63,61,39,Medium
INV-1007,76,66,43,27,30,67,33,Medium
INV-1008,78,71,61,28,52,58,42,Medium
INV-1009,84,81,86,30,57,79,21,High
INV-1010,40,46,86,27,56,51,49,Medium
INV-1011,91,81,78,82,81,82,18,High
INV-1012,76,20,48,26,82,66,34,Medium
INV-1013,44,30,77,40,88,50,50,Low
INV-1014,80,52,69,63,30,53,47,Medium
INV-1015,91,79,78,26,30,62,38,Medium
INV-1016,42,39,53,78,62,45,55,Low
INV-1017,80,52,33,57,43,50,50,Low
INV-1018,61,41,75,54,67,53,47,Medium
INV-1019,44,80,77,43,33,55,45,Medium
INV-1020,80,56,53,70,82,76,24,High
INV-1021,79,65,53,56,76,68,32,Medium
INV-1022,65,69,54,48,42,60,40,Medium
INV-1023,90,34,57,90,61,66,34,Medium
INV-1024,81,34,83,84,37,44,56,Low
INV-1025,91,35,42,54,48,62,38,Medium
INV-1026,51,20,87,25,63,54,46,Medium
INV-1027,55,70,66,81,58,54,46,Medium
INV-1028,69,42,87,34,63,48,52,Low
INV-1029,41,51,56,48,41,53,47,Medium
INV-1030,49,62,73,53,42,45,55,Low
INV-1031,46,77,82,53,65,57,43,Medium
INV-1032,78,43,52,86,66,59,41,Medium
INV-1033,58,68,65,36,90,71,29,High
INV-1034,64,71,88,77,52,62,38,Medium
INV-1035,68,37,76,33,87,62,38,Medium
INV-1036,76,57,48,32,94,79,21,High
INV-1037,49,38,68,91,74,60,40,Medium
INV-1038,88,44,85,57,67,62,38,Medium
INV-1039,76,55,64,43,49,53,47,Medium
INV-1040,62,76,40,36,45,52,48,Medium
INV-1041,66,82,46,57,58,73,27,High
INV-1042,84,24,84,57,94,71,29,High
INV-1043,80,20,50,79,35,51,49,Medium
INV-1044,85,20,80,69,33,57,43,Medium
INV-1045,89,31,30,78,34,63,37,Medium
INV-1046,73,57,79,54,80,64,36,Medium
INV-1047,56,36,89,93,63,54,46,Medium
INV-1048,70,35,37,28,33,46,54,Low
INV-1049,44,61,51,45,30,50,50,Low
INV-1050,61,75,59,87,77,60,40,Medium
INV-1051,61,33,55,52,31,37,63,Low
INV-1052,57,57,64,39,93,67,33,Medium
INV-1053,80,37,76,58,37,56,44,Medium
INV-1054,76,52,82,46,50,63,37,Medium
INV-1055,63,25,31,28,35,55,45,Medium
INV-1056,65,38,49,44,41,50,50,Low
INV-1057,72,25,79,34,34,40,60,Low
INV-1058,48,34,53,62,64,60,40,Medium
INV-1059,40,59,51,84,93,61,39,Medium
INV-1060,43,61,54,42,69,57,43,Medium
INV-1061,86,72,69,75,68,74,26,High
INV-1062,91,46,65,53,67,72,28,High
INV-1063,77,32,60,71,81,53,47,Medium
INV-1064,90,55,65,50,72,68,32,Medium
INV-1065,65,32,69,86,89,59,41,Medium
INV-1066,61,30,52,25,75,46,54,Low
INV-1067,48,72,38,76,86,62,38,Medium
INV-1068,66,36,72,83,80,63,37,Medium
INV-1069,61,45,57,73,78,68,32,Medium
INV-1070,58,81,61,54,58,64,36,Medium
INV-1071,93,57,80,87,33,51,49,Medium
INV-1072,62,74,57,56,79,75,25,High
INV-1073,86,70,62,32,63,76,24,High
INV-1074,57,26,39,31,62,48,52,Low
INV-1075,81,21,32,36,49,55,45,Medium
INV-1076,49,49,85,83,43,58,42,Medium
INV-1077,84,56,40,94,47,55,45,Medium
INV-1078,61,46,86,55,35,42,58,Low
INV-1079,41,73,72,89,80,58,42,Medium
INV-1080,79,73,63,79,53,61,39,Medium
INV-1081,82,45,31,64,46,54,46,Medium
INV-1082,69,31,48,68,88,66,34,Medium
INV-1083,47,40,46,94,54,46,54,Low
INV-1084,60,26,43,31,38,50,50,Low
INV-1085,84,22,66,67,69,54,46,Medium
INV-1086,41,74,64,66,63,57,43,Medium
INV-1087,88,81,82,81,45,59,41,Medium
INV-1088,89,37,66,49,77,72,28,High
INV-1089,45,58,85,87,75,62,38,Medium
INV-1090,90,76,55,65,32,66,34,Medium
INV-1091,81,54,79,86,46,67,33,Medium
INV-1092,67,48,38,91,54,48,52,Low
INV-1093,44,67,55,42,66,68,32,Medium
INV-1094,42,75,69,64,62,64,36,Medium
INV-1095,75,82,56,62,89,74,26,High
INV-1096,70,21,43,36,68,59,41,Medium
INV-1097,46,82,57,84,66,57,43,Medium
INV-1098,57,69,43,88,76,57,43,Medium
INV-1099,50,77,52,50,75,59,41,Medium
INV-1100,53,41,40,51,85,54,46,Medium
INV-1101,54,53,64,88,54,65,35,Medium
INV-1102,47,46,75,74,32,51,49,Medium
INV-1103,46,36,73,33,67,60,40,Medium
INV-1104,57,57,61,35,74,64,36,Medium
INV-1105,55,73,51,44,62,71,29,High
INV-1106,77,65,87,39,73,60,40,Medium
INV-1107,47,69,57,86,91,62,38,Medium
INV-1108,50,31,52,36,42,46,54,Low
INV-1109,57,37,48,46,66,63,37,Medium
INV-1110,46,68,59,55,87,56,44,Medium
INV-1111,90,55,87,90,63,71,29,High
INV-1112,54,45,37,66,73,57,43,Medium
INV-1113,78,21,68,94,46,51,49,Medium
INV-1114,49,33,45,34,30,51,49,Medium
INV-1115,76,66,66,61,78,61,39,Medium
INV-1116,76,39,55,53,30,53,47,Medium
INV-1117,82,69,58,81,68,70,30,Medium
INV-1118,89,27,79,25,37,59,41,Medium
INV-1119,56,45,37,71,75,68,32,Medium
INV-1120,41,83,35,87,62,70,30,Medium
INV-1121,43,38,35,37,52,57,43,Medium
INV-1122,72,68,61,59,73,64,36,Medium
INV-1123,64,31,34,72,66,62,38,Medium
INV-1124,82,66,82,39,54,60,40,Medium
INV-1125,92,71,75,51,58,69,31,Medium
INV-1126,69,26,60,63,42,54,46,Medium
INV-1127,40,63,85,69,76,56,44,Medium
INV-1128,47,43,45,73,55,56,44,Medium
INV-1129,94,66,78,57,50,66,34,Medium
INV-1130,64,21,64,31,47,43,57,Low
INV-1131,78,55,69,60,32,58,42,Medium
INV-1132,47,69,32,68,87,64,36,Medium
INV-1133,75,50,76,79,91,63,37,Medium
INV-1134,62,24,49,89,59,45,55,Low
INV-1135,62,21,56,89,81,59,41,Medium
INV-1136,91,31,76,73,71,60,40,Medium
INV-1137,54,40,64,90,31,52,48,Medium
INV-1138,85,73,75,76,32,54,46,Medium
INV-1139,51,51,61,37,60,46,54,Low
INV-1140,70,24,48,58,39,52,48,Medium
INV-1141,67,81,75,31,45,66,34,Medium
INV-1142,76,82,64,31,56,73,27,High
INV-1143,78,24,30,37,82,53,47,Medium
INV-1144,43,53,81,76,58,46,54,Low
INV-1145,41,79,77,53,39,63,37,Medium
INV-1146,56,79,52,69,61,71,29,High
INV-1147,63,36,34,44,50,45,55,Low
INV-1148,44,27,39,62,37,40,60,Low
INV-1149,89,29,50,60,41,48,52,Low
INV-1150,79,37,84,49,88,68,32,Medium
INV-1151,94,58,78,36,76,63,37,Medium
INV-1152,61,41,72,46,58,57,43,Medium
INV-1153,52,41,72,61,90,56,44,Medium
INV-1154,86,27,71,82,45,45,55,Low
INV-1155,49,40,75,51,70,58,42,Medium
INV-1156,59,35,80,94,85,52,48,Medium
INV-1157,79,40,39,62,75,58,42,Medium
INV-1158,76,77,84,28,53,71,29,High
INV-1159,84,49,87,55,93,75,25,High
INV-1160,86,76,89,69,62,64,36,Medium
INV-1161,55,80,39,74,32,58,42,Medium
INV-1162,60,83,34,94,33,63,37,Medium
INV-1163,70,43,54,60,59,61,39,Medium
INV-1164,81,63,38,69,85,70,30,Medium
INV-1165,50,39,53,39,77,60,40,Medium
INV-1166,76,68,48,36,90,81,19,High
INV-1167,67,77,72,65,68,74,26,High
INV-1168,49,35,77,75,68,45,55,Low
INV-1169,60,39,55,92,44,47,53,Low
INV-1170,47,63,62,66,35,51,49,Medium
INV-1171,63,60,65,79,38,60,40,Medium
INV-1172,42,46,79,64,62,43,57,Low
INV-1173,50,65,84,40,30,49,51,Low
INV-1174,66,44,32,92,54,61,39,Medium
INV-1175,83,30,31,71,32,49,51,Low
INV-1176,50,76,52,72,51,57,43,Medium
INV-1177,67,66,68,94,49,64,36,Medium
INV-1178,92,72,75,38,46,72,28,High
INV-1179,47,81,64,43,59,57,43,Medium
INV-1180,48,47,49,69,92,64,36,Medium
INV-1181,91,33,40,77,88,71,29,High
INV-1182,50,83,75,74,50,58,42,Medium
INV-1183,73,84,37,69,76,66,34,Medium
INV-1184,90,57,49,53,80,67,33,Medium
INV-1185,66,74,70,25,67,59,41,Medium
INV-1186,68,59,43,59,77,68,32,Medium
INV-1187,65,58,50,73,93,71,29,High
INV-1188,80,58,42,88,40,49,51,Low
INV-1189,84,31,77,57,74,63,37,Medium
INV-1190,69,52,65,43,57,49,51,Low
INV-1191,49,33,47,75,68,42,58,Low
INV-1192,80,31,64,89,84,59,41,Medium
INV-1193,75,64,84,77,59,61,39,Medium
INV-1194,71,76,83,57,53,64,36,Medium
INV-1195,58,48,39,84,47,52,48,Medium
INV-1196,77,84,60,28,79,76,24,High
INV-1197,81,70,79,30,88,75,25,High
INV-1198,48,48,42,83,76,57,43,Medium
INV-1199,62,70,32,66,61,55,45,Medium
INV-1200,74,32,76,35,80,53,47,Medium
INV-1201,66,30,83,69,76,61,39,Medium
INV-1202,58,45,77,76,84,58,42,Medium
INV-1203,53,70,76,28,36,49,51,Low
INV-1204,70,41,58,67,83,73,27,High
INV-1205,69,66,64,43,37,64,36,Medium
INV-1206,47,24,89,25,65,47,53,Low
INV-1207,74,22,43,84,74,63,37,Medium
INV-1208,41,32,85,55,63,52,48,Medium
INV-1209,58,72,48,81,54,66,34,Medium
INV-1210,89,33,79,52,82,56,44,Medium
INV-1211,53,53,47,73,86,54,46,Medium
INV-1212,50,84,72,43,38,51,49,Medium
INV-1213,90,56,46,82,58,67,33,Medium
INV-1214,83,30,46,92,76,62,38,Medium
INV-1215,74,66,77,42,42,52,48,Medium
INV-1216,84,64,74,58,38,52,48,Medium
INV-1217,93,84,65,45,42,72,28,High
INV-1218,63,21,51,38,39,38,62,Low
INV-1219,65,84,49,52,45,63,37,Medium
INV-1220,71,44,62,79,87,75,25,High
INV-1221,48,51,40,32,74,55,45,Medium
INV-1222,65,23,55,33,34,42,58,Low
INV-1223,65,44,39,69,40,53,47,Medium
INV-1224,80,65,79,50,34,59,41,Medium
INV-1225,44,25,67,86,91,46,54,Low
INV-1226,52,69,40,52,70,67,33,Medium
INV-1227,58,74,67,50,35,57,43,Medium
INV-1228,47,84,72,63,88,68,32,Medium
INV-1229,63,61,89,90,84,60,40,Medium
INV-1230,73,20,61,91,49,53,47,Medium
INV-1231,84,39,81,34,88,63,37,Medium
INV-1232,50,75,80,45,55,56,44,Medium
INV-1233,54,27,70,43,75,60,40,Medium
INV-1234,68,43,53,28,63,65,35,Medium
INV-1235,93,76,39,64,36,67,33,Medium
INV-1236,80,32,52,82,79,65,35,Medium
INV-1237,78,35,85,46,83,64,36,Medium
INV-1238,50,29,51,41,77,59,41,Medium
INV-1239,79,34,61,63,30,50,50,Low
INV-1240,42,82,78,71,84,64,36,Medium
INV-1241,74,77,62,38,63,59,41,Medium
INV-1242,66,25,69,37,93,55,45,Medium
INV-1243,76,26,43,80,45,42,58,Low
INV-1244,53,78,62,86,79,65,35,Medium
INV-1245,58,73,58,44,58,67,33,Medium
INV-1246,80,60,78,73,32,66,34,Medium
INV-1247,86,39,56,65,83,70,30,Medium
INV-1248,72,67,35,83,88,68,32,Medium
INV-1249,60,41,65,54,54,45,55,Low
INV-1250,84,65,71,56,61,75,25,High
INV-1251,64,47,76,39,33,51,49,Medium
INV-1252,88,42,76,76,76,66,34,Medium
INV-1253,55,67,84,34,67,71,29,High
INV-1254,66,27,80,30,68,47,53,Low
INV-1255,77,59,65,61,47,64,36,Medium
INV-1256,63,20,84,27,67,60,40,Medium
INV-1257,58,54,33,93,30,46,54,Low
INV-1258,84,74,75,56,84,75,25,High
INV-1259,84,54,68,46,70,71,29,High
INV-1260,71,65,81,47,74,65,35,Medium
INV-1261,49,55,63,52,40,47,53,Low
INV-1262,72,38,32,64,76,51,49,Medium
INV-1263,68,58,53,50,46,49,51,Low
INV-1264,82,44,88,27,58,64,36,Medium
INV-1265,55,60,80,75,58,48,52,Low
INV-1266,87,27,51,30,86,71,29,High
INV-1267,81,22,83,88,69,62,38,Medium
INV-1268,82,21,78,33,60,47,53,Low
INV-1269,71,77,81,88,73,67,33,Medium
INV-1270,65,55,71,86,71,66,34,Medium
INV-1271,41,29,73,35,31,45,55,Low
INV-1272,77,80,30,69,57,63,37,Medium
INV-1273,94,52,57,32,30,54,46,Medium
INV-1274,87,25,54,80,88,73,27,High
INV-1275,51,62,60,85,64,67,33,Medium
INV-1276,87,54,51,62,60,74,26,High
INV-1277,49,44,33,85,58,57,43,Medium
INV-1278,85,74,57,93,92,70,30,Medium
INV-1279,53,51,40,85,47,47,53,Low
INV-1280,93,41,48,89,93,67,33,Medium
INV-1281,59,69,77,57,88,68,32,Medium
INV-1282,76,68,67,90,65,62,38,Medium
INV-1283,59,74,45,70,91,72,28,High
INV-1284,90,56,71,81,37,54,46,Medium
INV-1285,89,77,63,44,79,66,34,Medium
INV-1286,62,30,75,88,37,44,56,Low
INV-1287,61,23,60,88,67,54,46,Medium
INV-1288,85,43,64,68,89,72,28,High
INV-1289,87,37,80,64,46,50,50,Low
INV-1290,57,82,41,68,67,70,30,Medium
INV-1291,84,25,48,84,43,49,51,Low
INV-1292,92,47,32,46,67,64,36,Medium
INV-1293,70,81,81,65,60,68,32,Medium
INV-1294,72,20,44,41,53,43,57,Low
INV-1295,67,80,45,26,46,58,42,Medium
INV-1296,91,72,52,76,59,73,27,High
INV-1297,71,34,41,81,37,50,50,Low
INV-1298,71,59,52,80,35,64,36,Medium
INV-1299,90,82,69,52,46,75,25,High
INV-1300,88,62,65,82,42,67,33,Medium
INV-1301,81,67,69,87,33,64,36,Medium
INV-1302,73,43,83,50,49,47,53,Low
INV-1303,80,72,73,50,76,73,27,High
INV-1304,60,68,81,86,67,58,42,Medium
INV-1305,83,66,52,92,47,63,37,Medium
INV-1306,44,72,84,61,85,70,30,Medium
INV-1307,52,82,83,82,85,59,41,Medium
INV-1308,81,73,71,45,51,60,40,Medium
INV-1309,53,64,35,59,43,48,52,Low
INV-1310,61,77,78,47,63,56,44,Medium
INV-1311,53,32,36,68,44,41,59,Low
INV-1312,63,80,46,74,94,78,22,High
INV-1313,79,78,45,40,91,74,26,High
INV-1314,78,64,31,32,86,76,24,High
INV-1315,85,23,58,47,35,58,42,Medium
INV-1316,42,30,72,41,33,48,52,Low
INV-1317,52,22,38,84,43,45,55,Low
INV-1318,87,44,39,82,70,57,43,Medium
INV-1319,41,61,47,78,45,55,45,Medium
INV-1320,52,23,68,26,88,57,43,Medium
INV-1321,56,55,50,32,65,52,48,Medium
INV-1322,68,34,65,71,75,58,42,Medium
INV-1323,75,21,51,40,47,49,51,Low
INV-1324,91,55,38,43,67,59,41,Medium
INV-1325,61,77,33,68,63,59,41,Medium
INV-1326,70,72,61,90,88,66,34,Medium
INV-1327,63,20,40,28,55,52,48,Medium
INV-1328,65,59,79,67,41,50,50,Low
INV-1329,71,29,89,66,69,52,48,Medium
INV-1330,71,31,69,34,77,65,35,Medium
INV-1331,53,48,44,36,57,48,52,Low
INV-1332,45,55,74,60,51,51,49,Medium
INV-1333,55,78,34,92,50,68,32,Medium
INV-1334,83,24,74,51,72,57,43,Medium
INV-1335,45,44,60,46,74,64,36,Medium
INV-1336,40,77,82,25,58,49,51,Low
INV-1337,59,58,33,43,74,66,34,Medium
INV-1338,58,61,55,50,52,61,39,Medium
INV-1339,53,30,55,66,56,55,45,Medium
INV-1340,74,78,81,71,36,54,46,Medium
INV-1341,85,72,53,37,83,67,33,Medium
INV-1342,82,76,55,49,83,73,27,High
INV-1343,68,64,44,75,76,58,42,Medium
INV-1344,46,69,67,76,62,50,50,Low
INV-1345,69,69,38,85,64,66,34,Medium
INV-1346,55,66,88,83,60,62,38,Medium
INV-1347,61,31,59,60,47,57,43,Medium
INV-1348,76,49,86,66,62,56,44,Medium
INV-1349,41,71,68,68,83,63,37,Medium
INV-1350,43,41,31,68,35,38,62,Low
INV-1351,88,28,87,69,51,65,35,Medium
INV-1352,42,29,57,53,64,43,57,Low
INV-1353,90,64,37,40,38,58,42,Medium
INV-1354,47,75,78,74,41,51,49,Medium
INV-1355,52,62,43,52,47,57,43,Medium
INV-1356,67,65,86,91,55,62,38,Medium
INV-1357,41,64,79,71,92,60,40,Medium
INV-1358,90,62,84,47,85,72,28,High
INV-1359,65,59,45,62,83,71,29,High
INV-1360,65,44,70,89,35,48,52,Low
INV-1361,78,42,56,69,73,54,46,Medium
INV-1362,84,76,60,45,69,69,31,Medium
INV-1363,77,25,74,38,69,63,37,Medium
INV-1364,75,44,74,73,45,59,41,Medium
INV-1365,83,74,47,58,74,72,28,High
INV-1366,63,34,33,87,69,50,50,Low
INV-1367,54,37,76,26,42,54,46,Medium
INV-1368,74,61,42,60,42,49,51,Low
INV-1369,60,42,58,75,60,51,49,Medium
INV-1370,74,83,34,83,89,80,20,High
INV-1371,69,68,54,40,80,78,22,High
INV-1372,57,25,58,49,84,47,53,Low
INV-1373,93,75,68,83,80,74,26,High
INV-1374,93,26,56,25,73,68,32,Medium
INV-1375,44,67,61,27,76,59,41,Medium
INV-1376,93,46,44,74,65,75,25,High
INV-1377,69,32,30,58,91,56,44,Medium
INV-1378,69,80,82,46,64,78,22,High
INV-1379,45,39,45,75,66,58,42,Medium
INV-1380,72,37,36,89,30,54,46,Medium
INV-1381,45,81,45,58,85,76,24,High
INV-1382,57,42,83,54,87,67,33,Medium
INV-1383,65,28,88,71,71,50,50,Low
INV-1384,63,66,36,87,86,64,36,Medium
INV-1385,40,50,59,42,46,55,45,Medium
INV-1386,40,71,50,94,66,62,38,Medium
INV-1387,67,84,65,88,72,71,29,High
INV-1388,53,35,36,43,31,40,60,Low
INV-1389,45,37,35,69,52,49,51,Low
INV-1390,66,76,34,85,31,56,44,Medium
INV-1391,62,22,87,56,60,44,56,Low
INV-1392,69,40,89,87,71,60,40,Medium
INV-1393,89,77,31,60,42,75,25,High
INV-1394,84,59,75,41,86,66,34,Medium
INV-1395,60,37,84,53,53,46,54,Low
INV-1396,59,66,72,33,56,56,44,Medium
INV-1397,41,61,48,41,62,58,42,Medium
INV-1398,46,65,75,40,53,58,42,Medium
INV-1399,78,25,45,44,72,64,36,Medium
INV-1400,83,49,78,36,73,63,37,Medium
INV-1401,52,42,46,72,31,49,51,Low
INV-1402,73,63,75,30,93,74,26,High
INV-1403,92,67,36,83,40,60,40,Medium
INV-1404,65,40,37,45,40,43,57,Low
INV-1405,56,36,32,86,30,36,64,Low
INV-1406,45,27,80,35,92,48,52,Low
INV-1407,75,33,77,78,50,46,54,Low
INV-1408,83,81,87,30,46,59,41,Medium
INV-1409,78,52,88,42,85,77,23,High
INV-1410,50,42,63,81,81,52,48,Medium
INV-1411,93,37,75,54,73,58,42,Medium
INV-1412,64,61,48,43,87,63,37,Medium
INV-1413,65,49,83,37,58,54,46,Medium
INV-1414,46,45,55,40,52,43,57,Low
INV-1415,89,34,71,31,69,69,31,Medium
INV-1416,60,59,42,47,45,56,44,Medium
INV-1417,51,73,81,78,57,67,33,Medium
INV-1418,90,62,86,39,67,62,38,Medium
INV-1419,64,55,66,91,38,52,48,Medium
INV-1420,68,60,74,74,57,59,41,Medium
INV-1421,62,41,33,73,88,64,36,Medium
INV-1422,55,76,76,39,56,63,37,Medium
INV-1423,62,72,49,47,57,56,44,Medium
INV-1424,75,71,48,68,36,64,36,Medium
INV-1425,49,29,67,84,80,51,49,Medium
INV-1426,70,71,69,62,72,61,39,Medium
INV-1427,83,29,60,30,86,68,32,Medium
INV-1428,44,40,47,71,86,52,48,Medium
INV-1429,84,74,49,76,73,80,20,High
INV-1430,81,61,88,44,46,67,33,Medium
INV-1431,46,58,65,64,74,68,32,Medium
INV-1432,44,37,71,81,41,55,45,Medium
INV-1433,74,46,48,44,94,73,27,High
INV-1434,71,46,57,42,68,68,32,Medium
INV-1435,48,70,64,29,43,51,49,Medium
INV-1436,87,39,67,79,30,56,44,Medium
INV-1437,54,36,33,86,70,53,47,Medium
INV-1438,42,22,51,75,77,41,59,Low
INV-1439,71,28,56,45,53,59,41,Medium
INV-1440,83,59,42,92,75,68,32,Medium
INV-1441,91,71,57,67,51,75,25,High
INV-1442,51,32,85,81,69,45,55,Low
INV-1443,42,50,40,90,70,57,43,Medium
INV-1444,45,42,56,94,67,51,49,Medium
INV-1445,92,56,59,88,39,65,35,Medium
INV-1446,55,78,34,77,74,63,37,Medium
INV-1447,44,72,44,50,77,65,35,Medium
INV-1448,50,77,40,51,50,67,33,Medium
INV-1449,67,20,54,67,92,66,34,Medium
INV-1450,89,55,83,73,78,78,22,High
INV-1451,42,71,76,37,84,68,32,Medium
INV-1452,72,83,67,45,92,78,22,High
INV-1453,65,29,58,60,66,54,46,Medium
INV-1454,66,48,80,73,72,60,40,Medium
INV-1455,66,20,52,66,81,61,39,Medium
INV-1456,51,41,66,44,53,52,48,Medium
INV-1457,52,84,53,59,53,71,29,High
INV-1458,90,62,34,37,39,53,47,Medium
INV-1459,41,51,33,44,65,58,42,Medium
INV-1460,55,77,48,89,80,66,34,Medium
INV-1461,41,40,65,68,76,64,36,Medium
INV-1462,41,67,75,38,88,64,36,Medium
INV-1463,46,33,84,36,34,35,65,Low
INV-1464,68,44,44,30,71,61,39,Medium
INV-1465,81,83,67,69,87,84,16,High
INV-1466,73,24,83,93,60,60,40,Medium
INV-1467,69,28,55,26,91,64,36,Medium
INV-1468,93,60,73,88,60,69,31,Medium
INV-1469,69,74,32,37,32,66,34,Medium
INV-1470,41,30,68,42,81,57,43,Medium
INV-1471,73,76,76,44,54,62,38,Medium
INV-1472,80,52,48,40,52,52,48,Medium
INV-1473,54,32,57,57,52,58,42,Medium
INV-1474,88,25,75,74,67,68,32,Medium
INV-1475,93,25,55,63,41,56,44,Medium
INV-1476,92,74,88,33,81,81,19,High
INV-1477,45,67,78,43,34,44,56,Low
INV-1478,74,41,65,35,87,70,30,Medium
INV-1479,71,83,80,26,53,73,27,High
INV-1480,93,37,38,62,50,60,40,Medium
INV-1481,91,22,41,90,75,68,32,Medium
INV-1482,67,79,60,35,31,50,50,Low
INV-1483,59,44,31,56,55,47,53,Low
INV-1484,69,24,63,46,86,57,43,Medium
INV-1485,59,35,79,63,75,66,34,Medium
INV-1486,44,60,39,48,78,65,35,Medium
INV-1487,92,33,44,73,62,65,35,Medium
INV-1488,92,75,42,47,91,84,16,High
INV-1489,73,44,33,35,45,55,45,Medium
INV-1490,87,36,61,65,35,46,54,Low
INV-1491,72,74,30,94,74,77,23,High
INV-1492,81,36,43,60,87,63,37,Medium
INV-1493,74,83,37,44,83,72,28,High
INV-1494,54,50,72,61,58,57,43,Medium
INV-1495,41,27,58,35,47,35,65,Low
INV-1496,53,75,57,63,54,62,38,Medium
INV-1497,52,23,57,33,64,50,50,Low
INV-1498,51,21,44,47,58,44,56,Low
INV-1499,57,43,67,58,69,58,42,Medium
INV-1500,60,53,40,59,71,68,32,Medium
INV-1501,47,82,76,50,86,74,26,High
INV-1502,81,44,36,52,49,66,34,Medium
INV-1503,57,60,77,69,54,67,33,Medium
INV-1504,67,52,77,34,59,68,32,Medium
INV-1505,69,21,38,26,84,48,52,Low
INV-1506,47,76,71,33,64,67,33,Medium
INV-1507,47,58,72,59,78,59,41,Medium
INV-1508,56,52,76,76,38,58,42,Medium
INV-1509,86,65,37,34,40,64,36,Medium
INV-1510,53,75,69,25,85,77,23,High
INV-1511,46,41,58,80,87,63,37,Medium
INV-1512,94,55,54,48,73,67,33,Medium
INV-1513,81,31,66,47,43,46,54,Low
INV-1514,77,81,74,63,66,79,21,High
INV-1515,81,83,88,44,45,66,34,Medium
INV-1516,51,36,44,63,71,45,55,Low
INV-1517,93,81,34,40,37,75,25,High
INV-1518,55,73,75,46,93,69,31,Medium
INV-1519,93,63,63,86,52,57,43,Medium
INV-1520,69,36,88,34,47,55,45,Medium
INV-1521,80,81,76,58,46,69,31,Medium
INV-1522,57,71,77,67,68,67,33,Medium
INV-1523,64,26,71,48,40,51,49,Medium
INV-1524,72,31,63,55,91,67,33,Medium
INV-1525,55,58,42,61,50,62,38,Medium
INV-1526,78,48,72,90,48,55,45,Medium
INV-1527,57,29,57,35,94,57,43,Medium
INV-1528,92,36,51,49,31,49,51,Low
INV-1529,59,52,43,80,50,47,53,Low
INV-1530,49,41,75,37,62,58,42,Medium
INV-1531,83,62,46,64,78,79,21,High
INV-1532,62,46,87,61,35,46,54,Low
INV-1533,45,84,89,70,65,63,37,Medium
INV-1534,52,37,70,82,85,63,37,Medium
INV-1535,50,34,74,34,67,46,54,Low
INV-1536,73,62,55,62,71,56,44,Medium
INV-1537,43,31,51,44,30,48,52,Low
INV-1538,52,43,83,50,67,52,48,Medium
INV-1539,82,22,81,34,88,60,40,Medium
INV-1540,81,21,46,54,81,50,50,Low
INV-1541,43,28,70,46,47,36,64,Low
INV-1542,93,56,46,88,91,69,31,Medium
INV-1543,76,23,42,42,77,51,49,Medium
INV-1544,44,41,70,80,52,41,59,Low
INV-1545,70,60,58,82,43,57,43,Medium
INV-1546,55,70,69,66,58,55,45,Medium
INV-1547,80,53,89,72,62,72,28,High
INV-1548,87,36,78,37,43,62,38,Medium
INV-1549,89,49,60,41,49,52,48,Medium
INV-1550,51,53,72,46,31,50,50,Low
INV-1551,44,38,76,62,40,49,51,Low
INV-1552,70,61,84,92,90,77,23,High
INV-1553,46,45,85,46,48,45,55,Low
INV-1554,52,54,70,55,61,60,40,Medium
INV-1555,94,23,64,34,76,57,43,Medium
INV-1556,57,39,76,38,63,55,45,Medium
INV-1557,47,27,60,27,46,53,47,Medium
INV-1558,50,71,37,28,56,61,39,Medium
INV-1559,52,23,41,72,55,56,44,Medium
INV-1560,48,33,77,39,62,43,57,Low
INV-1561,82,27,81,27,41,57,43,Medium
INV-1562,54,42,43,69,91,65,35,Medium
INV-1563,91,73,53,81,51,76,24,High
INV-1564,55,67,74,85,44,49,51,Low
INV-1565,78,84,56,81,56,66,34,Medium
INV-1566,41,42,52,40,38,51,49,Medium
INV-1567,48,32,69,79,72,45,55,Low
INV-1568,57,82,49,49,41,68,32,Medium
INV-1569,88,33,30,49,88,69,31,Medium
INV-1570,64,35,44,71,73,65,35,Medium
INV-1571,67,42,33,38,92,74,26,High
INV-1572,50,78,51,39,39,59,41,Medium
INV-1573,76,66,67,94,82,68,32,Medium
INV-1574,67,49,66,91,72,57,43,Medium
INV-1575,65,52,45,46,86,69,31,Medium
INV-1576,74,40,60,76,63,62,38,Medium
INV-1577,54,38,72,39,35,49,51,Low
INV-1578,52,62,41,75,48,52,48,Medium
INV-1579,43,63,74,85,54,62,38,Medium
INV-1580,78,22,84,92,70,56,44,Medium
INV-1581,53,68,70,54,34,53,47,Medium
INV-1582,56,66,86,37,40,56,44,Medium
INV-1583,70,47,89,27,84,61,39,Medium
INV-1584,76,58,44,50,94,64,36,Medium
INV-1585,87,40,42,33,40,58,42,Medium
INV-1586,75,51,63,88,71,57,43,Medium
INV-1587,67,52,66,65,59,61,39,Medium
INV-1588,64,84,54,25,61,64,36,Medium
INV-1589,56,68,41,84,49,60,40,Medium
INV-1590,55,30,84,44,53,43,57,Low
INV-1591,66,31,75,55,61,62,38,Medium
INV-1592,50,55,83,78,46,51,49,Medium
INV-1593,75,38,87,69,55,63,37,Medium
INV-1594,60,80,38,85,45,65,35,Medium
INV-1595,46,28,48,78,90,65,35,Medium
INV-1596,87,66,43,77,48,60,40,Medium
INV-1597,42,77,53,79,86,67,33,Medium
INV-1598,91,63,61,34,93,67,33,Medium
INV-1599,62,37,30,59,93,69,31,Medium
INV-1600,65,23,78,38,62,59,41,Medium
INV-1601,74,57,53,35,58,63,37,Medium
INV-1602,55,31,84,75,68,60,40,Medium
INV-1603,91,29,53,65,32,49,51,Low
INV-1604,44,80,89,48,92,63,37,Medium
INV-1605,47,71,33,58,62,59,41,Medium
INV-1606,60,64,84,86,60,51,49,Medium
INV-1607,89,22,63,48,42,48,52,Low
INV-1608,59,61,66,33,54,52,48,Medium
INV-1609,90,45,85,88,37,57,43,Medium
INV-1610,63,51,86,62,89,58,42,Medium
INV-1611,82,78,81,43,50,64,36,Medium
INV-1612,72,20,41,30,70,49,51,Low
INV-1613,64,74,69,74,62,64,36,Medium
INV-1614,71,57,51,40,81,60,40,Medium
INV-1615,61,69,85,33,79,71,29,High
INV-1616,69,80,52,51,83,78,22,High
INV-1617,91,21,61,74,72,51,49,Medium
INV-1618,62,49,38,30,48,63,37,Medium
INV-1619,75,45,39,55,58,67,33,Medium
INV-1620,57,62,78,84,69,60,40,Medium
INV-1621,55,55,62,57,34,43,57,Low
INV-1622,87,56,52,51,90,73,27,High
INV-1623,94,74,80,84,37,60,40,Medium
INV-1624,65,70,61,74,70,72,28,High
INV-1625,77,52,71,85,75,59,41,Medium
INV-1626,46,36,79,56,51,53,47,Medium
INV-1627,74,65,64,69,42,61,39,Medium
INV-1628,60,20,88,43,89,54,46,Medium
INV-1629,55,43,34,65,76,55,45,Medium
INV-1630,72,75,60,83,31,53,47,Medium
INV-1631,51,54,40,85,73,58,42,Medium
INV-1632,56,81,64,37,64,67,33,Medium
INV-1633,81,26,44,84,69,63,37,Medium
INV-1634,48,26,79,32,93,50,50,Low
INV-1635,43,25,67,50,40,51,49,Medium
INV-1636,80,46,84,59,74,58,42,Medium
INV-1637,62,63,30,49,76,58,42,Medium
INV-1638,62,64,72,36,61,51,49,Medium
INV-1639,75,25,62,79,48,61,39,Medium
INV-1640,56,75,73,69,59,52,48,Medium
INV-1641,42,62,87,86,53,51,49,Medium
INV-1642,92,49,32,67,36,55,45,Medium
INV-1643,74,80,83,32,58,60,40,Medium
INV-1644,43,44,59,35,46,50,50,Low
INV-1645,53,23,78,37,64,58,42,Medium
INV-1646,90,65,63,85,40,60,40,Medium
INV-1647,54,52,66,71,64,63,37,Medium
INV-1648,43,24,54,63,52,48,52,Low
INV-1649,62,53,62,50,92,67,33,Medium
INV-1650,75,55,77,75,51,68,32,Medium
INV-1651,51,33,54,92,57,43,57,Low
INV-1652,43,38,31,63,48,42,58,Low
INV-1653,71,49,74,85,80,72,28,High
INV-1654,68,41,56,34,90,55,45,Medium
INV-1655,64,78,80,74,33,67,33,Medium
INV-1656,58,60,46,71,83,71,29,High
INV-1657,45,20,37,75,54,48,52,Low
INV-1658,49,50,89,94,46,59,41,Medium
INV-1659,45,54,62,42,66,54,46,Medium
INV-1660,68,31,46,72,55,57,43,Medium
INV-1661,65,44,71,83,35,55,45,Medium
INV-1662,89,75,53,90,42,57,43,Medium
INV-1663,67,37,87,60,62,50,50,Low
INV-1664,70,78,87,36,77,66,34,Medium
INV-1665,50,48,39,72,85,52,48,Medium
INV-1666,51,80,87,66,42,65,35,Medium
INV-1667,93,21,79,65,74,70,30,Medium
INV-1668,90,61,88,50,42,66,34,Medium
INV-1669,64,43,37,33,66,63,37,Medium
INV-1670,43,36,79,81,77,55,45,Medium
INV-1671,55,62,81,36,48,60,40,Medium
INV-1672,45,56,50,28,67,59,41,Medium
INV-1673,73,61,40,51,53,63,37,Medium
INV-1674,64,70,75,31,35,57,43,Medium
INV-1675,81,64,55,38,58,60,40,Medium
INV-1676,86,54,52,84,81,63,37,Medium
INV-1677,79,70,88,29,61,59,41,Medium
INV-1678,75,81,56,69,54,59,41,Medium
INV-1679,88,74,42,80,85,70,30,Medium
INV-1680,94,33,88,77,56,55,45,Medium
INV-1681,69,41,62,71,58,55,45,Medium
INV-1682,53,55,81,85,69,54,46,Medium
INV-1683,70,73,45,83,35,55,45,Medium
INV-1684,81,58,34,72,86,80,20,High
INV-1685,65,27,38,28,50,49,51,Low
INV-1686,53,72,49,58,53,58,42,Medium
INV-1687,87,34,58,73,50,51,49,Medium
INV-1688,91,82,38,77,86,70,30,Medium
INV-1689,93,23,31,91,50,47,53,Low
INV-1690,62,53,70,93,44,45,55,Low
INV-1691,40,28,46,89,32,35,65,Low
INV-1692,80,75,86,44,76,77,23,High
INV-1693,68,34,75,25,89,67,33,Medium
INV-1694,58,41,58,57,67,52,48,Medium
INV-1695,73,56,77,25,89,73,27,High
INV-1696,91,35,39,90,64,54,46,Medium
INV-1697,57,65,48,52,55,65,35,Medium
INV-1698,56,47,48,44,42,45,55,Low
INV-1699,76,58,63,68,71,74,26,High
INV-1700,51,29,51,81,66,46,54,Low
INV-1701,64,55,46,45,31,55,45,Medium
INV-1702,52,83,49,52,31,52,48,Medium
INV-1703,91,55,32,93,76,67,33,Medium
INV-1704,64,67,68,71,50,55,45,Medium
INV-1705,60,78,83,36,93,80,20,High
INV-1706,91,45,82,53,48,64,36,Medium
INV-1707,71,71,49,90,30,65,35,Medium
INV-1708,55,64,36,51,73,61,39,Medium
INV-1709,45,73,67,56,74,66,34,Medium
INV-1710,94,49,82,73,70,62,38,Medium
INV-1711,49,56,78,37,84,63,37,Medium
INV-1712,69,45,69,70,75,59,41,Medium
INV-1713,44,78,40,83,76,58,42,Medium
INV-1714,43,75,33,58,85,75,25,High
INV-1715,43,69,80,72,59,54,46,Medium
INV-1716,79,80,61,36,42,61,39,Medium
INV-1717,45,42,89,36,42,50,50,Low
INV-1718,54,79,86,70,51,52,48,Medium
INV-1719,68,43,63,31,67,61,39,Medium
INV-1720,82,72,54,33,67,76,24,High
INV-1721,61,26,37,52,74,57,43,Medium
INV-1722,90,83,33,52,45,62,38,Medium
INV-1723,88,53,35,41,49,52,48,Medium
INV-1724,85,42,39,75,48,58,42,Medium
INV-1725,65,38,38,85,49,45,55,Low
INV-1726,87,63,38,91,83,65,35,Medium
INV-1727,54,37,61,47,91,66,34,Medium
INV-1728,93,32,73,71,38,56,44,Medium
INV-1729,62,32,52,69,94,53,47,Medium
INV-1730,60,73,39,48,89,68,32,Medium
INV-1731,45,21,53,41,94,61,39,Medium
INV-1732,47,74,73,71,31,52,48,Medium
INV-1733,59,36,33,29,89,62,38,Medium
INV-1734,66,37,69,84,50,59,41,Medium
INV-1735,43,64,73,66,76,68,32,Medium
INV-1736,74,61,46,89,82,74,26,High
INV-1737,90,67,37,37,77,77,23,High
INV-1738,52,20,54,71,33,32,68,Low
INV-1739,72,34,36,60,43,44,56,Low
INV-1740,87,43,64,94,69,62,38,Medium
INV-1741,50,31,56,65,54,50,50,Low
INV-1742,71,46,50,37,64,57,43,Medium
INV-1743,79,79,89,47,58,62,38,Medium
INV-1744,58,30,77,29,93,67,33,Medium
INV-1745,43,67,85,41,65,57,43,Medium
INV-1746,89,32,75,57,50,55,45,Medium
INV-1747,71,45,31,36,51,56,44,Medium
INV-1748,82,75,46,32,88,70,30,Medium
INV-1749,45,26,79,38,67,53,47,Medium
INV-1750,45,62,33,80,88,53,47,Medium
INV-1751,79,74,30,52,82,65,35,Medium
INV-1752,60,43,53,84,79,60,40,Medium
INV-1753,65,31,72,75,92,68,32,Medium
INV-1754,84,29,79,77,86,66,34,Medium
INV-1755,70,29,78,45,82,51,49,Medium
INV-1756,77,25,74,29,85,57,43,Medium
INV-1757,73,24,47,84,72,56,44,Medium
INV-1758,45,53,43,72,52,48,52,Low
INV-1759,61,41,45,84,89,60,40,Medium
INV-1760,43,23,78,33,59,40,60,Low
INV-1761,77,24,45,31,80,66,34,Medium
INV-1762,62,35,82,64,49,51,49,Medium
INV-1763,57,73,77,36,66,66,34,Medium
INV-1764,87,80,40,34,58,72,28,High
INV-1765,51,63,57,26,86,62,38,Medium
INV-1766,48,67,32,60,73,61,39,Medium
INV-1767,41,24,58,66,34,32,68,Low
INV-1768,65,59,30,83,44,63,37,Medium
INV-1769,56,49,39,82,91,58,42,Medium
INV-1770,63,59,74,90,69,68,32,Medium
INV-1771,63,53,68,85,70,64,36,Medium
INV-1772,67,46,30,58,91,65,35,Medium
INV-1773,76,22,61,59,48,46,54,Low
INV-1774,49,22,67,66,69,49,51,Low
INV-1775,74,48,36,77,66,71,29,High
INV-1776,42,25,50,60,32,44,56,Low
INV-1777,65,40,65,26,76,55,45,Medium
INV-1778,42,66,32,25,53,56,44,Medium
INV-1779,75,70,72,25,62,60,40,Medium
INV-1780,85,37,51,33,46,59,41,Medium
INV-1781,68,69,77,29,86,63,37,Medium
INV-1782,58,37,45,67,32,52,48,Medium
INV-1783,76,23,31,68,91,65,35,Medium
INV-1784,41,30,37,79,35,39,61,Low
INV-1785,79,33,68,61,73,56,44,Medium
INV-1786,48,64,61,90,61,63,37,Medium
INV-1787,53,43,33,92,54,56,44,Medium
INV-1788,81,56,52,49,33,51,49,Medium
INV-1789,54,47,30,29,51,50,50,Low
INV-1790,51,79,30,79,86,78,22,High
INV-1791,45,52,70,30,66,48,52,Low
INV-1792,71,44,57,82,62,59,41,Medium
INV-1793,87,67,41,80,47,74,26,High
INV-1794,75,28,76,75,86,67,33,Medium
INV-1795,58,49,86,82,51,63,37,Medium
INV-1796,74,35,57,25,70,57,43,Medium
INV-1797,65,49,54,69,68,56,44,Medium
INV-1798,93,53,57,74,31,67,33,Medium
INV-1799,84,68,56,30,53,71,29,High
INV-1800,54,56,36,44,64,54,46,Medium
INV-1801,87,54,61,71,76,69,31,Medium
INV-1802,89,76,66,85,68,69,31,Medium
INV-1803,83,67,86,46,33,58,42,Medium
INV-1804,69,29,55,32,37,57,43,Medium
INV-1805,41,45,57,93,59,57,43,Medium
INV-1806,74,58,57,75,33,52,48,Medium
INV-1807,58,36,34,42,84,53,47,Medium
INV-1808,58,64,66,78,35,50,50,Low
INV-1809,54,43,44,38,83,69,31,Medium
INV-1810,85,71,62,87,92,70,30,Medium
INV-1811,62,54,32,58,62,68,32,Medium
INV-1812,60,59,57,51,31,58,42,Medium
INV-1813,80,60,65,28,86,63,37,Medium
INV-1814,68,39,43,56,89,70,30,Medium
INV-1815,63,47,50,40,45,55,45,Medium
INV-1816,41,83,37,49,80,74,26,High
INV-1817,83,36,36,63,64,53,47,Medium
INV-1818,87,62,81,77,56,66,34,Medium
INV-1819,80,30,45,76,52,47,53,Low
INV-1820,76,52,58,47,32,57,43,Medium
INV-1821,66,66,88,30,89,66,34,Medium
INV-1822,75,38,35,49,60,58,42,Medium
INV-1823,81,79,38,26,85,70,30,Medium
INV-1824,76,31,59,66,87,65,35,Medium
INV-1825,54,74,46,50,54,69,31,Medium
INV-1826,51,72,64,60,46,49,51,Low
INV-1827,53,60,47,75,73,63,37,Medium
INV-1828,92,52,52,78,82,69,31,Medium
INV-1829,52,43,59,26,54,49,51,Low
INV-1830,75,83,78,40,43,65,35,Medium
INV-1831,79,57,67,92,36,56,44,Medium
INV-1832,55,40,57,30,70,49,51,Low
INV-1833,74,29,77,67,50,44,56,Low
INV-1834,73,70,70,48,53,62,38,Medium
INV-1835,79,66,70,71,49,53,47,Medium
INV-1836,78,57,64,77,67,72,28,High
INV-1837,73,33,85,48,88,63,37,Medium
INV-1838,47,46,36,51,75,59,41,Medium
INV-1839,52,73,58,65,38,63,37,Medium
INV-1840,72,38,63,74,76,64,36,Medium
INV-1841,91,38,62,75,36,48,52,Low
INV-1842,91,35,66,27,74,71,29,High
INV-1843,63,74,82,87,85,76,24,High
INV-1844,48,47,74,50,57,52,48,Medium
INV-1845,51,49,50,62,89,59,41,Medium
INV-1846,94,56,89,62,41,57,43,Medium
INV-1847,91,38,52,63,56,56,44,Medium
INV-1848,80,28,81,33,92,58,42,Medium
INV-1849,82,65,73,72,60,57,43,Medium
INV-1850,77,25,33,75,64,61,39,Medium
INV-1851,47,64,71,33,94,69,31,Medium
INV-1852,66,28,66,61,81,53,47,Medium
INV-1853,55,34,36,41,93,70,30,Medium
INV-1854,80,73,56,55,70,73,27,High
INV-1855,57,41,70,43,79,50,50,Low
INV-1856,63,45,55,34,46,45,55,Low
INV-1857,56,62,69,31,92,74,26,High
INV-1858,56,81,37,69,47,54,46,Medium
INV-1859,94,47,75,28,65,74,26,High
INV-1860,74,68,45,71,79,66,34,Medium
INV-1861,40,80,49,34,63,58,42,Medium
INV-1862,82,76,80,37,53,60,40,Medium
INV-1863,68,63,89,65,50,57,43,Medium
INV-1864,85,72,70,88,74,80,20,High
INV-1865,76,50,41,72,35,50,50,Low
INV-1866,42,28,40,49,71,45,55,Low
INV-1867,40,84,87,86,83,69,31,Medium
INV-1868,73,50,41,62,81,64,36,Medium
INV-1869,84,83,49,28,47,64,36,Medium
INV-1870,92,38,43,45,44,51,49,Medium
INV-1871,47,53,69,25,49,53,47,Medium
INV-1872,79,24,58,29,65,60,40,Medium
INV-1873,57,37,74,80,79,50,50,Low
INV-1874,53,23,74,42,81,48,52,Low
INV-1875,84,49,63,54,80,72,28,High
INV-1876,43,23,34,65,90,61,39,Medium
INV-1877,49,69,73,38,44,53,47,Medium
INV-1878,81,80,49,79,37,54,46,Medium
INV-1879,81,72,75,33,78,66,34,Medium
INV-1880,59,44,40,25,88,71,29,High
INV-1881,71,51,87,74,67,61,39,Medium
INV-1882,67,77,65,94,38,64,36,Medium
INV-1883,44,27,38,39,36,45,55,Low
INV-1884,54,29,72,91,91,62,38,Medium
INV-1885,94,48,61,34,42,67,33,Medium
INV-1886,45,26,48,68,92,48,52,Low
INV-1887,59,57,88,66,81,64,36,Medium
INV-1888,72,37,74,57,34,49,51,Low
INV-1889,61,34,66,39,54,47,53,Low
INV-1890,59,53,65,33,59,59,41,Medium
INV-1891,42,38,57,47,36,37,63,Low
INV-1892,43,35,49,48,35,40,60,Low
INV-1893,55,29,62,91,41,47,53,Low
INV-1894,60,70,50,84,80,71,29,High
INV-1895,81,81,35,30,92,70,30,Medium
INV-1896,53,56,84,73,63,53,47,Medium
INV-1897,71,30,44,53,74,65,35,Medium
INV-1898,60,70,77,82,44,51,49,Medium
INV-1899,48,72,68,32,53,61,39,Medium
INV-1900,76,27,30,94,76,54,46,Medium
INV-1901,85,50,35,80,57,57,43,Medium
INV-1902,88,36,77,45,79,68,32,Medium
INV-1903,84,38,67,53,52,55,45,Medium
INV-1904,50,25,32,86,34,37,63,Low
INV-1905,80,58,36,54,50,59,41,Medium
INV-1906,54,55,84,68,56,49,51,Low
INV-1907,84,54,44,52,36,57,43,Medium
INV-1908,89,71,51,46,82,67,33,Medium
INV-1909,41,83,43,44,78,63,37,Medium
INV-1910,80,37,64,76,44,60,40,Medium
INV-1911,42,36,43,70,67,56,44,Medium
INV-1912,57,78,56,40,39,61,39,Medium
INV-1913,93,56,30,66,78,76,24,High
INV-1914,94,23,76,46,32,54,46,Medium
INV-1915,49,61,66,50,41,49,51,Low
INV-1916,49,37,51,82,82,63,37,Medium
INV-1917,61,42,81,39,55,62,38,Medium
INV-1918,44,26,70,34,91,49,51,Low
INV-1919,51,22,44,34,62,39,61,Low
INV-1920,68,81,89,65,94,74,26,High
INV-1921,56,81,53,48,32,49,51,Low
INV-1922,53,63,63,63,57,52,48,Medium
INV-1923,50,60,44,84,71,53,47,Medium
INV-1924,91,29,59,69,58,61,39,Medium
INV-1925,90,52,47,46,93,75,25,High
INV-1926,80,58,52,67,84,78,22,High
INV-1927,84,35,77,55,63,64,36,Medium
INV-1928,45,27,74,58,80,49,51,Low
INV-1929,91,69,54,29,35,64,36,Medium
INV-1930,92,40,86,43,87,60,40,Medium
INV-1931,70,58,89,27,59,67,33,Medium
INV-1932,46,58,60,93,64,52,48,Medium
INV-1933,44,83,33,42,71,67,33,Medium
INV-1934,52,46,38,93,60,52,48,Medium
INV-1935,78,83,83,54,92,74,26,High
INV-1936,62,51,62,60,57,67,33,Medium
INV-1937,51,57,57,69,87,67,33,Medium
INV-1938,49,55,54,81,74,56,44,Medium
INV-1939,80,65,74,50,80,64,36,Medium
INV-1940,89,33,83,83,32,49,51,Low
INV-1941,65,76,66,40,66,63,37,Medium
INV-1942,83,54,78,46,44,58,42,Medium
INV-1943,52,74,31,61,55,65,35,Medium
INV-1944,50,53,68,87,82,70,30,Medium
INV-1945,66,79,48,73,94,69,31,Medium
INV-1946,43,64,61,28,94,56,44,Medium
INV-1947,82,70,37,49,64,76,24,High
INV-1948,86,29,34,72,55,52,48,Medium
INV-1949,59,79,77,88,59,68,32,Medium
INV-1950,65,36,46,64,75,53,47,Medium
INV-1951,62,65,73,72,81,66,34,Medium
INV-1952,91,57,56,60,84,68,32,Medium
INV-1953,85,58,59,50,36,55,45,Medium
INV-1954,87,82,69,39,35,68,32,Medium
INV-1955,45,81,85,85,30,57,43,Medium
INV-1956,69,39,45,91,78,66,34,Medium
INV-1957,80,63,33,92,36,50,50,Low
INV-1958,74,83,54,79,38,54,46,Medium
INV-1959,82,29,66,37,73,69,31,Medium
INV-1960,68,40,40,72,91,70,30,Medium
INV-1961,64,81,33,37,71,72,28,High
INV-1962,46,32,56,93,71,47,53,Low
INV-1963,92,67,58,67,45,72,28,High
INV-1964,51,56,56,57,88,72,28,High
INV-1965,90,30,46,90,58,56,44,Medium
INV-1966,78,24,40,39,93,69,31,Medium
INV-1967,78,24,30,39,69,67,33,Medium
INV-1968,62,64,87,26,43,65,35,Medium
INV-1969,61,50,62,25,73,57,43,Medium
INV-1970,73,51,82,63,72,64,36,Medium
INV-1971,86,59,47,91,91,75,25,High
INV-1972,65,54,31,75,47,47,53,Low
INV-1973,74,42,41,86,69,57,43,Medium
INV-1974,49,72,75,69,38,49,51,Low
INV-1975,71,40,47,84,47,57,43,Medium
INV-1976,81,20,61,78,76,61,39,Medium
INV-1977,91,25,50,86,48,61,39,Medium
INV-1978,77,81,57,34,74,65,35,Medium
INV-1979,88,36,38,56,50,66,34,Medium
INV-1980,49,52,36,27,43,44,56,Low
INV-1981,89,57,68,80,92,78,22,High
INV-1982,92,77,66,73,48,69,31,Medium
INV-1983,88,23,37,88,66,59,41,Medium
INV-1984,94,28,31,87,80,56,44,Medium
INV-1985,86,20,59,81,67,64,36,Medium
INV-1986,64,81,70,36,83,73,27,High
INV-1987,75,35,43,49,33,50,50,Low
INV-1988,78,40,74,54,62,63,37,Medium
INV-1989,94,71,58,89,94,81,19,High
INV-1990,91,82,72,30,43,62,38,Medium
INV-1991,49,25,86,54,44,51,49,Medium
INV-1992,83,46,49,88,70,56,44,Medium
INV-1993,42,42,39,29,52,44,56,Low
INV-1994,62,72,58,76,76,73,27,High
INV-1995,63,84,62,83,62,75,25,High
INV-1996,73,50,81,26,67,57,43,Medium
INV-1997,63,82,69,45,34,67,33,Medium
INV-1998,54,25,31,80,78,56,44,Medium
INV-1999,51,60,36,88,90,70,30,Medium
